例,れい,example,これは例文です。,This is example sentence.
例,れい,example,これは例文です。これは例文です。これは例文です。これは例文です。これは例文です。これは例文です。これは例文です。これは例文です。これは例文です。これは例文です。これは例文です。これは例文です。これは例文です。これは例文です。これは例文です。これは例文です。これは例文です。これは例文です。これは例文です。これは例文です。これは例文です。これは例文です。これは例文です。これは例文です。これは例文です。これは例文です。これは例文です。これは例文です。これは例文です。これは例文です。,This is example sentence. This is example sentence. This is example sentence. This is example sentence. This is example sentence. This is example sentence. This is example sentence. This is example sentence. This is example sentence. This is example sentence. This is example sentence. This is example sentence. This is example sentence. This is example sentence. This is example sentence. This is example sentence. This is example sentence. This is example sentence. This is example sentence. This is example sentence. This is example sentence. This is example sentence. This is example sentence. This is example sentence. This is example sentence. This is example sentence. This is example sentence. This is example sentence. This is example sentence. This is example sentence.
例,れい,example,これは例文です。,This is example sentence.
例,れい,example,これは例文です。,This is example sentence.
例,れい,example,これは例文です。,This is example sentence.
例,れい,example,これは例文です。,This is example sentence.
例,れい,example,これは例文です。,This is example sentence.
例,れい,example,これは例文です。,This is example sentence.
例,れい,example,これは例文です。,This is example sentence.
例,れい,example,これは例文です。,This is example sentence.
例,れい,example,これは例文です。,This is example sentence.
例,れい,example,これは例文です。,This is example sentence.
例,れい,example,これは例文です。,This is example sentence.
例,れい,example,これは例文です。,This is example sentence.
例,れい,example,これは例文です。,This is example sentence.
例,れい,example,これは例文です。,This is example sentence.
例,れい,example,これは例文です。,This is example sentence.
例,れい,example,これは例文です。これは例文です。これは例文です。これは例文です。これは例文です。これは例文です。これは例文です。これは例文です。これは例文です。これは例文です。これは例文です。,This is example sentence. This is example sentence. This is example sentence. This is example sentence. This is example sentence. This is example sentence. This is example sentence. This is example sentence. This is example sentence. This is example sentence. This is example sentence.
例,れい,example,これは例文です。,This is example sentence.
例,れい,example,これは例文です。,This is example sentence.
例,れい,example,これは例文です。,This is example sentence.
例,れい,example,これは例文です。,This is example sentence.
例,れい,example,これは例文です。,This is example sentence.
例,れい,example,これは例文です。,This is example sentence.
例,れい,example,これは例文です。,This is example sentence.
例,れい,example,これは例文です。,This is example sentence.
例,れい,example,これは例文です。,This is example sentence.
例,れい,example,これは例文です。,This is example sentence.
例,れい,example,これは例文です。,This is example sentence.
例,れい,example,これは例文です。,This is example sentence.
例,れい,example,これは例文です。,This is example sentence.
例,れい,example,これは例文です。,This is example sentence.
例,れい,example,これは例文です。,This is example sentence.
例,れい,example,これは例文です。これは例文です。これは例文です。これは例文です。これは例文です。,This is example sentence. This is example sentence. This is example sentence. This is example sentence. This is example sentence. This is example sentence.
例,れい,example,これは例文です。,This is example sentence.
例,れい,example,これは例文です。,This is example sentence.
例,れい,example,これは例文です。,This is example sentence.
例,れい,example,これは例文です。,This is example sentence.
例,れい,example,これは例文です。,This is example sentence.
例,れい,example,これは例文です。,This is example sentence.
例,れい,example,これは例文です。,This is example sentence.
例,れい,example,これは例文です。,This is example sentence.
例,れい,example,これは例文です。,This is example sentence.
例,れい,example,これは例文です。,This is example sentence.
例,れい,example,これは例文です。,This is example sentence.
例,れい,example,これは例文です。,This is example sentence.
例,れい,example,これは例文です。,This is example sentence.
例,れい,example,これは例文です。,This is example sentence.
例,れい,example,これは例文です。,This is example sentence.
例,れい,example,これは例文です。,This is example sentence.
